{
	"profession": "netherex:sorcerer",
	"career": "netherex:enchanter",
	"trades": [
		{
			"output": {
				"item": "minecraft:book",
				"meta": 0,
				"minCount": 1,
				"maxCount": 1
			},
			"minTradeCount": 2,
			"maxTradeCount": 8,
			"inputOne": {
				"item": "netherex:amethyst_crystal",
				"meta": 0,
				"minCount": 5,
				"maxCount": 10
			},
			"tradeLevel": 1
		}, 
		{
			"output": {
				"item": "minecraft:glowstone_dust",
				"meta": 0,
				"minCount": 3,
				"maxCount": 6
			},
			"minTradeCount": 4,
			"maxTradeCount": 8,
			"inputOne": {
				"item": "netherex:amethyst_crystal",
				"meta": 0,
				"minCount": 1,
				"maxCount": 1
			},
			"tradeLevel": 1
		}, 
		{
			"output": {
				"item": "netherex:amethyst_crystal",
				"meta": 0,
				"minCount": 1,
				"maxCount": 2
			},
			"minTradeCount": 1,
			"maxTradeCount": 4,
			"inputOne": {
				"item": "minecraft:blaze_rod",
				"meta": 0,
				"minCount": 4,
				"maxCount": 8
			},
			"tradeLevel": 1
		}, 
		{
			"output": {
				"item": "minecraft:enchanted_book",
				"meta": 0,
				"minCount": 1,
				"enchantments": [
					{
						"enchantment": "uniqueeutil:phanes_regret",
						"enchantmentLevel": 2
					}
				],
				"maxCount": 1
			},
			"minTradeCount": 1,
			"maxTradeCount": 2,
			"inputOne": {
				"item": "netherex:amethyst_crystal",
				"meta": 0,
				"minCount": 4,
				"maxCount": 16
			},
			"tradeLevel": 1
		}, 
		{
			"output": {
				"item": "minecraft:experience_bottle",
				"meta": 0,
				"minCount": 1,
				"maxCount": 4
			},
			"minTradeCount": 1,
			"maxTradeCount": 2,
			"inputOne": {
				"item": "netherex:amethyst_crystal",
				"meta": 0,
				"minCount": 6,
				"maxCount": 16
			},
			"tradeLevel": 3
		}
	]
}